first_name,middle_name,last_name
processes,tricks,deal
datar210,cash
cpus
processes,tricks
computer,science,discuss
waiting,datar210,cash
cpu
cpus,256
cash,togetherbrain,melting
rob,instruction,dozens
alchemyhistory
alchemists,weren
manuscriptswhat,happened,alchemy
gold,real,alchemists
alchemists,weren,just
alchemy,increasingly,seen
alchemy,medieval
alchemyhistory,sciences
alchemy,arts
alchemy,increasingly
learning,chemicals,food
chemistrymy,medical,invention
chemistrymy,medical
engineeringyou,make
learning,chemicals
chemicals,food
want,medicine,created
science,chemistrymy,medical
sauce,production
chemicals,food,ve
logical,transistors,discussed
logical,transistors
booty,logical,transistors
representing,logical
representing,logical,statements
interested,representing,logical
episode,transistors,just
episode,transistors
transistors,just
logical,statements,went
cathedrals,generated
cathedrals,needed
cathedrals
medieval,story,cathedral
new,cathedrals
cathedral,builders
high,age,cathedral
knowledge,gothic,cathedral
designed,cathedral
designed,cathedral,know
highmarket,fastest,growing
new,technologies,consumer
growing,areas,technology
areas,technology,expected
highmarket
highmarket,fastest
technologies,consumer
technology,expected,accelerate
technologies,consumer,familiarity
areas,technology
address,ethical,risks
ai,disclose
ethical,risks,facing
bias,ai,disclose
ethical,risks
ethical,rishton
executives,believe,ethical
address,ethical
ai,disclose,data
don,address,ethical
ethical,framework
ethical,framework,represent
important,elements,ai
ai,strategy
business,values,informed
business,values
framework,represent,business
ethical
represent,business,values
open,source,nai
development,ai
responsible,development,ai
open,source,community
development,ai,driven
open,source,software
open,source
ai,driven
make,open,source
bridge,does,vehicles
bridge,needs
travel,bridge
bridge,measuring
bridge,needs,attention
right,engineering
bridge,measuring,vibrations
right,engineering,standed
vehicles,travel,bridge
bridge,underneath
entire,mining,operations
mining,operations
cisco,solutions,mining
today,mining,operations
mining,operators,remotely
consolidated,operational,technology
mining,operations,comprise
mining,operations,leads
mining,operators
cisco,solutions
creations,civil,engineers
great,civil,engineering
civil,engineering,projects
civil,engineering,marvels
civil,engineering,history
civil,engineering
civil,engineeringyou
engineers,civil,engineeringyou
ahead,civil,engineering
engineering,history,build
talk,heart,engineeringthe
heart,engineeringthe
heart,engineeringthe,coffee
whistles,artificial,heart
heart,write,bridges
artificial,heart,write
artificial,heart
physics,excited,talk
cup,wireless,earbuds
engineeringthe,coffee,cup
science,religion
world,science,people
science,religion,practical
question,stuff
developing,centuries,scientific
question,stuff,maybe
science,people
empire,tied,science
scientific,method,going
tied,science,religion
computing
machines
digital,computers
computing,technology
machine,use
machine
computations
computers
mechanical,calculates
unfortunately,mechanical,calculates
crash,course,computer
programs,machine
programming
entered,program,memory
tabulating,machine
programming,robinson
course,computer
programming,lot
computers,work
program,memory
related,pressure
pressure,change
related,pressure,fluid
change,pressure,change
scenario,pump,vault
energy,change,pressure
pressure,rises
sense,different,pressures
scenario,pump
energy,lost,fluid
operations,python,provides
operations,python
functions,operations,python
numbersbe,problem,python
problem,python
python
integers,floating,point
python,returned
python,python
floating,point,numbers
python,returns,true
operations,involving,logic
ask,python,equal
python,equal,case
python,understand
python,equal
operations,taking,boolean
false,python
true,false,python
falls,python,understand
pythons,basic,sequences
python,sequence
python,sequence,collection
sequence,operations
basic,sequences,lists
basic,sequences
sequence,types
sequence,data,type
ordered,position,pythons
sequences,sequence
topples,list,topples
python,return,couples
concatenate,topples
unpack,topples,list
unpacking,topples,coordinates
topples,coordinates,list
unpacking,couples,loop
topples,list
list,topples
concatenate,topples,like
range,object,python
loops,create,range
create,range,object
range,object
range,object,type
create,range
store,range,object
range,function,example
range,function
store,range
object,hashable,technical
use,sets
sets,unordered,collections
sets,immutable,objects
object,hashable
listset
hashable,technical
use,sets,immutable
sets
perform,set
string,just,python
string,python
sequence,operations,strings
string,actually,python
operations,strings
sequences,characters,python
string,python,let
string,order,polymorphism
string,methods
actually,python,following
dictionary,method,python
key,dictionary,dictionary
dictionary,keys,object
dictionary,method,keys
values,anyting,dictionaries
dictionary,key,value
dictionaries,used,performing
values,dictionary,method
dict,keyword
dictionaries,consists,key
evaporator
process,fridgerefrigerator
liquid,evaporator
enter,evaporator
evaporator,coils
condenser
heat,energy,fluids
liquid,evaporator,coils
evaporator,start,process
heat,work
design,house,heat
making,giant,tsunami
house,heat
radiation,houses
absorb,radiation,houses
thermal,resistance,walls
radiation,houses,important
heat,06from,radiation
layer,combinedsensity,warmer
heating
binary
binary,digits
binary,digits,matteson
computer,science,play
gates,simplest
construct,computer
crash,course,computer
inputs,output,digits
gates,simplest,adding
takes,inputs
responses,boston,technology
boston,technology,answering
technology,future,covered
technology,future
people,responses,boston
boston,technology
longer,term,technology
term,technology,future
responses,boston
technology,answering
companies,contributed,linux
linux,kernel
linux,kernel,contributions
understood,developers,release
developers,release,ready
contributed,linux,kernel
contributed,linux
use,linux
linux
understood,developers
heat,transfer
heat,transferi,ll
heat,things,cooled
heat,transferi
reasonable,heat,transferi
cooled,heat,exchangers
temperature,difference,fluid
heat,exchangers
fluid,colder,fluid
tube,heat,exchanger
register,instruction
single,chip,instructionsproduced
example,cpu,instruction
computer,science
registers,memory
cpu,instruction
chip,instructionsproduced
cpu,example,1971
instruction,reads
instruction,reads,data
cpu,instruction,says
studies,internet,things
introduction,internet,things
internet,things
introduction,internet
taking,introduction,internet
case,studies,internet
internet,things,real
professor,electrical,computer
studies,internet
internet,things,looking
autonomous,vehicles,coming
vehicles,automated
introducing,autonomous,vehicles
vehicles,automated,people
know,autonomous,vehicles
vehicles,fully,autonomous
autonomous,vehicle,want
gain,autonomous,vehicles
autonomous,vehicles,accent
introducing,autonomous
internet,things
question,internet,things
internet,things,connect
things,internet,things
physical,things,internet
things,internet
internet,things,like
connect,everyday,physical
question,internet
internet
iot
internet,things
iot,come
introduction,internet,things
internet,things,iot
things,iot,come
iot,come,background
things,iot
internet,things,going
engineering,dealing,internet
chaos,responder,thing
chaos,responder
sensors
motion,detection
motion,sensor
thing,motion,sensor
sensing
sensor
sensors,attached
responder,thing,motion
defeats,internet,things
internet,things,potentially
internet,things
defeats,internet
defeats
internet
collected,online,weather
things,potentially
things,big
online,weather
devices,section,courts
pepsi,star,divorce
amari,looking,sensors
sensors,devices,section
star,divorce
sensors,devices
welcome,amari
sensors
internetpictures,pepsi,star
devices,section
machines,learn
use,machine,learning
isn,machine,learning
machine,learning,machine
definition,machine,learning
machine,learning,question
machine,learning,practitioner
machines,learn,faster
machine,learning
machine,learning,problem
linear,regression
regression
function,linear,regression
linear,regression,video
predictions,linear,function
regression,video
album,linear,regression
supervised,learning,given
predictions,linear
functionso,regression
image,processing
approaches,image,processing
image,improved,contrast
image,processing,involves
histogram
analysis,manipulation,pixel
contrast,image
pixel,values,cumulatively
manipulation,pixel,values
simply,stretch,histogram
search,detection,technique
search,detection
filter,gradient,images
detection,technique
detection,technique,uses
filter,gradient
search
gradient,images
pixels,type,filter
using,filter,gradient
models,computer,vision
image,processing
image,processing,building
computer,vision
computer,vision,let
photograph,visual,representation
details,image,processing
examining,image
examining,image,image
program,image,matrix
computer,vision,basic
model,computer,vision
vision,basic,operations
image,producing
image,skilled,proportion
reshape,image
learning,model,computer
machine,learning,model
size,reshape,image
computer,vision
image,processing,packages
available,image,processing
image,processing,involves
image,processing
image,manipulation,functions
pythons,image,data
image,data,analysis
image,computer,software
useful,image,manipulation
image,library
motor,build,scikit
build,scikit,learn
scikit,learn
build,scikit
scikit
kinds,motor,build
motor
scikit,learn,rooted
kinds,motor
motor,build
classification
determine,categorization,class
model,determine,categorization
classification,form
categorization,class
classification,form,supervised
determine,categorization
categorization
possible,classes,flower
different,classesintersecting,predicted
applying,erosion
erosion,removes,pixel
edges,effects,erosion
applying,erosion,removes
time,applying,erosion
erosion,removes
applied,dilation
erosion,remove
erosion
effects,erosion,remove
predict,species,iris
species,iris,picture
species,iris
iris,picture
model,predict,species
predict,species
iris
pixel,value,features
model,extract,pixel
train,valerie,model
deep,learning,image
learning,image
connected,neurons,convolutional
neurons,convolutional
representing,pixel,intensities
deep,learning
deep,learning,neural
convolutional
image,classification
learning,neural
neurons,neural,network
neural,network
deep,learning
machine,learning,fundamental
learning,machine
machine,learning
neural,network,form
deep,learning,machine
machine,learning,far
neural
aristotle,influence
ideas,stufffind,aristotle
physics,did,aristotle
socrates,thinkers,including
aristotelian,idealist,empiricist
did,aristotle
socrates,thinkers
aristotle,influence,alexander
khan,aristotle,influence
genghis,khan,aristotle
numbers,computers,use
numbers,computers
numbers,binary,needs
negative,numbers,computers
numbers,binary
large,numbers,binary
number,binary
represent,large,numbers
binary
floating,point,numbers
efficiency,totally,irreversiblewe
process,reversibleon,piston
reversible,zero,efficiency
reversibleon,piston
engineering,process,reversibleon
compressed,process,irreversible
reversibleon,piston,need
efficient,machines
zero,efficiency,totally
piston,effectively
romans,invented
romans,invented,concrete
did,greco,roman
spread,hellenistic,world
buildings,aroundthe,romans
roman,cities
roman,cities,growing
influenced,greek,thought
culture,greco,romanarea
aristotle,spread,hellenistic
buildings,industry,carbon
emissions,coming,buildings
make,buildings,industry
buildinggreen,buildings
make,buildings
money,making,buildingswarming
emissions,make,nicer
green,building
buildings,industry
building,happens,cityin
atlanta,understand,fluids
understanding,fluid,flow
understand,fluids,work
understand,fluids
fluid,flow
car,moving
plate,fluid,contact
outside,car,moving
fluid,contact
fluid,called,slip
cultures,knowledge,time
aztecs,use,calendar
history,science,far
accurately,millions,years
mayan,culture,60
recap,history,science
mayan,world
human,history
mayan,culture
knowledge,time,time
complicatedcode,instructions
complicatedcode,instructions,instruct
opcode,festival,0010
instructions,control
instructions,instruct,computer
computer,dooperation,code
probably,complicatedcode,instructions
complicatedcode
register,memory
dooperation,code,code
chemical,engineering,simply
chemical,engineers
engineering,simply,chemistry
engineeringassumption,chemical,engineering
engineering,chemical,engineeringassumption
chemical,engineeringassumption
chemical,engineering
engineering,chemical
apply,engineering,chemistry
chemical,engineering,teaching
electricity,powers
electricity,electromagnetism,everyday
powers,electrical,engineering
electromagnetism,everyday,lifeno
electricity,powers,electrical
electrical
electrical,engineering
electricity,electromagnetism
powers,electrical
electromagnetism,everyday
studiossystem,happening,inside
digital,studiossystem,happening
studiossystem,happening
ingredients,flowing
digital,studiossystem
studiossystem
pbs,digital,studiossystem
curiositystream,stephen,hawking
inside,systemdelicious
continuously,ingredients,flowing
influenced,islamic,civilization
islamic,civilization
islamic,civilization,regardless
islam,significantly,influence
people,influenced,islamic
influenced,islamic
world,islamic,scholars
scholarly,classesangiography,islamic
classesangiography,islamic,scholars
islamic,scholars
human,body,redefined
world,arguably,scientific
natural,philosophers
human,bodies
himselfpossible,advances,artistic
scientist,societythank,love
lectures,padua,dissection
philosophers,western,europe
copernicus,galileo
philosophers
revolution,european,astronomy
copernicus,galileotheir
heliocentrism,central,revolution
kepler,unlike,copernicus
links,copernicus,galileotheir
kepler,theories,did
believed,heliocentric
ago,believed,heliocentric
heliocentrism
knew,kepler,theories
science,rene,descartes
galileo,want
galileo
discipline,epistemology,descartes
advocated,practical,science
1608,galileo
scientific,practicewho
reality,created,science
holland,1608,galileo
created,science
sciences,undergo,revolutions
copernicus,theory
copernicus,theory,pleasing
rame,argued,heliocentric
attention,copernicus,thought
argued,heliocentric,theory
copernicus,idea
argued,different,sciences
copernicus,thought
mind,copernicus,theory
linux,revolutionized
short,linux,revolutionized
linux,revolutionized,computing
linux,story
linux,open,source
20,years,linux
years,linux,story
linux,story,thank
richard,stallman,linux
linux,knocking,industry
advanced,html5,media
html5,media,picturestrack
html5,media
course,advanced,html5
w3c,html5,course
html5,course,advanced
file,w3c,html5
w3c,html5
html5,course
media,picturestrack,api
video,subtitle,track
button,switch,subtitles
switch,subtitles
subtitles
subtitle,track
button,enable,subtitles
video,subtitle
enable,subtitles
voice,followed,character
location,video,subtitle
truck,elements,javascript
displaying,different,track
html,track
track,element
thunder,trucks,html
html,track,element
display,trackcurrent,track
trucks,html
elements,javascript
elements,javascript,just
track,displayed
tracks,display,text
reading,video,events
display,text,track
text,track
track,displayed,just
difference,texts,tracks
html,track
run,html,track
text,track,object
example,bridges,video
bridges,video
continue,example,bridges
example,bridges
bridges,video,time
bridges
english,chapterseach
content,english,chapterseach
burton,remember,track
chapterseach,elements,yaesu
events,play,video
listen,events
going,listen,events
listen,events,like
event,content
events,play
video,going,listen
script,video
truck,events
second,event,content
video,element
events,video,played
prophecy,video,element
events,video
video,truck
video,element,wanted
video,played
listen,events,video
example,loading,video
prophecy,video
using,web,audio
web,audio,stream
web,audio
stream,audio,content
audio,stream,content
stream,audio
audio,stream,using
audio,stream
audio,content,control
attributes,stream,audio
control,audio
music,interface
control,audio,audio
web,ousci,listen
real,control,audio
vocoder,musici
like,vocoder,musici
video,javascript,listen
api,playing
applications,like,vocoder
write,waveform,dance
waveform,dance
waveform,dance,music
write,waveform
waveform
sound,captured,graph
data,use,animation
data,animation
data,animation,loop
today,write,waveform
ai,need,ethical
responsible,ai,development
responsible,ai
framework,responsible,ai
ai,development
requirement,ai
ai,need
ai,development,chief
chief,requirement,ai
engineering,world
engineeranother,field
engineering,produced
engineeranother,field,founded
engineering
come,engineering,maybe
mechanical,engineeranother
come,engineering
engineer
mechanical,engineeranother,field
